sku,week,week_start,demand_units
BRACKET,1,2025-01-06,169
BRACKET,2,2025-01-13,131
BRACKET,3,2025-01-20,181
BRACKET,4,2025-01-27,186
BRACKET,5,2025-02-03,105
BRACKET,6,2025-02-10,124
BRACKET,7,2025-02-17,164
BRACKET,8,2025-02-24,151
BRACKET,9,2025-03-03,160
BRACKET,10,2025-03-10,136
BRACKET,11,2025-03-17,185
BRACKET,12,2025-03-24,182
BRACKET,13,2025-03-31,162
BRACKET,14,2025-04-07,192
BRACKET,15,2025-04-14,173
BRACKET,16,2025-04-21,136
BRACKET,17,2025-04-28,170
BRACKET,18,2025-05-05,133
BRACKET,19,2025-05-12,185
BRACKET,20,2025-05-19,159
BRACKET,21,2025-05-26,155
BRACKET,22,2025-06-02,141
BRACKET,23,2025-06-09,194
BRACKET,24,2025-06-16,156
BRACKET,25,2025-06-23,148
BRACKET,26,2025-06-30,150
BRACKET,27,2025-07-07,175
BRACKET,28,2025-07-14,170
BRACKET,29,2025-07-21,172
BRACKET,30,2025-07-28,172
BRACKET,31,2025-08-04,220
BRACKET,32,2025-08-11,149
BRACKET,33,2025-08-18,146
BRACKET,34,2025-08-25,137
BRACKET,35,2025-09-01,177
BRACKET,36,2025-09-08,192
BRACKET,37,2025-09-15,157
BRACKET,38,2025-09-22,136
BRACKET,39,2025-09-29,137
BRACKET,40,2025-10-06,178
BRACKET,41,2025-10-13,181
BRACKET,42,2025-10-20,175
BRACKET,43,2025-10-27,141
BRACKET,44,2025-11-03,167
BRACKET,45,2025-11-10,163
BRACKET,46,2025-11-17,166
BRACKET,47,2025-11-24,184
BRACKET,48,2025-12-01,166
BRACKET,49,2025-12-08,179
BRACKET,50,2025-12-15,162
BRACKET,51,2025-12-22,168
BRACKET,52,2025-12-29,178
HOUSING,1,2025-01-06,50
HOUSING,2,2025-01-13,66
HOUSING,3,2025-01-20,63
HOUSING,4,2025-01-27,61
HOUSING,5,2025-02-03,66
HOUSING,6,2025-02-10,91
HOUSING,7,2025-02-17,58
HOUSING,8,2025-02-24,84
HOUSING,9,2025-03-03,46
HOUSING,10,2025-03-10,65
HOUSING,11,2025-03-17,72
HOUSING,12,2025-03-24,78
HOUSING,13,2025-03-31,80
HOUSING,14,2025-04-07,81
HOUSING,15,2025-04-14,65
HOUSING,16,2025-04-21,64
HOUSING,17,2025-04-28,82
HOUSING,18,2025-05-05,67
HOUSING,19,2025-05-12,52
HOUSING,20,2025-05-19,54
HOUSING,21,2025-05-26,57
HOUSING,22,2025-06-02,77
HOUSING,23,2025-06-09,72
HOUSING,24,2025-06-16,80
HOUSING,25,2025-06-23,64
HOUSING,26,2025-06-30,72
HOUSING,27,2025-07-07,79
HOUSING,28,2025-07-14,66
HOUSING,29,2025-07-21,76
HOUSING,30,2025-07-28,61
HOUSING,31,2025-08-04,65
HOUSING,32,2025-08-11,65
HOUSING,33,2025-08-18,53
HOUSING,34,2025-08-25,77
HOUSING,35,2025-09-01,63
HOUSING,36,2025-09-08,70
HOUSING,37,2025-09-15,77
HOUSING,38,2025-09-22,76
HOUSING,39,2025-09-29,79
HOUSING,40,2025-10-06,69
HOUSING,41,2025-10-13,64
HOUSING,42,2025-10-20,69
HOUSING,43,2025-10-27,46
HOUSING,44,2025-11-03,50
HOUSING,45,2025-11-10,51
HOUSING,46,2025-11-17,56
HOUSING,47,2025-11-24,76
HOUSING,48,2025-12-01,57
HOUSING,49,2025-12-08,65
HOUSING,50,2025-12-15,88
HOUSING,51,2025-12-22,65
HOUSING,52,2025-12-29,80
SUPPORT,1,2025-01-06,33
SUPPORT,2,2025-01-13,38
SUPPORT,3,2025-01-20,32
SUPPORT,4,2025-01-27,37
SUPPORT,5,2025-02-03,47
SUPPORT,6,2025-02-10,26
SUPPORT,7,2025-02-17,43
SUPPORT,8,2025-02-24,42
SUPPORT,9,2025-03-03,35
SUPPORT,10,2025-03-10,28
SUPPORT,11,2025-03-17,41
SUPPORT,12,2025-03-24,36
SUPPORT,13,2025-03-31,42
SUPPORT,14,2025-04-07,40
SUPPORT,15,2025-04-14,53
SUPPORT,16,2025-04-21,38
SUPPORT,17,2025-04-28,32
SUPPORT,18,2025-05-05,41
SUPPORT,19,2025-05-12,42
SUPPORT,20,2025-05-19,51
SUPPORT,21,2025-05-26,47
SUPPORT,22,2025-06-02,43
SUPPORT,23,2025-06-09,52
SUPPORT,24,2025-06-16,30
SUPPORT,25,2025-06-23,35
SUPPORT,26,2025-06-30,33
SUPPORT,27,2025-07-07,37
SUPPORT,28,2025-07-14,29
SUPPORT,29,2025-07-21,45
SUPPORT,30,2025-07-28,38
SUPPORT,31,2025-08-04,28
SUPPORT,32,2025-08-11,32
SUPPORT,33,2025-08-18,43
SUPPORT,34,2025-08-25,47
SUPPORT,35,2025-09-01,56
SUPPORT,36,2025-09-08,63
SUPPORT,37,2025-09-15,43
SUPPORT,38,2025-09-22,32
SUPPORT,39,2025-09-29,23
SUPPORT,40,2025-10-06,42
SUPPORT,41,2025-10-13,33
SUPPORT,42,2025-10-20,37
SUPPORT,43,2025-10-27,35
SUPPORT,44,2025-11-03,39
SUPPORT,45,2025-11-10,49
SUPPORT,46,2025-11-17,41
SUPPORT,47,2025-11-24,39
SUPPORT,48,2025-12-01,32
SUPPORT,49,2025-12-08,27
SUPPORT,50,2025-12-15,36
SUPPORT,51,2025-12-22,40
SUPPORT,52,2025-12-29,54
BEARING,1,2025-01-06,6
BEARING,2,2025-01-13,9
BEARING,3,2025-01-20,5
BEARING,4,2025-01-27,2
BEARING,5,2025-02-03,3
BEARING,6,2025-02-10,4
BEARING,7,2025-02-17,12
BEARING,8,2025-02-24,4
BEARING,9,2025-03-03,9
BEARING,10,2025-03-10,3
BEARING,11,2025-03-17,9
BEARING,12,2025-03-24,7
BEARING,13,2025-03-31,6
BEARING,14,2025-04-07,6
BEARING,15,2025-04-14,4
BEARING,16,2025-04-21,7
BEARING,17,2025-04-28,5
BEARING,18,2025-05-05,2
BEARING,19,2025-05-12,2
BEARING,20,2025-05-19,7
BEARING,21,2025-05-26,11
BEARING,22,2025-06-02,6
BEARING,23,2025-06-09,6
BEARING,24,2025-06-16,7
BEARING,25,2025-06-23,10
BEARING,26,2025-06-30,7
BEARING,27,2025-07-07,5
BEARING,28,2025-07-14,9
BEARING,29,2025-07-21,7
BEARING,30,2025-07-28,11
BEARING,31,2025-08-04,7
BEARING,32,2025-08-11,2
BEARING,33,2025-08-18,2
BEARING,34,2025-08-25,11
BEARING,35,2025-09-01,11
BEARING,36,2025-09-08,5
BEARING,37,2025-09-15,5
BEARING,38,2025-09-22,10
BEARING,39,2025-09-29,3
BEARING,40,2025-10-06,3
BEARING,41,2025-10-13,8
BEARING,42,2025-10-20,5
BEARING,43,2025-10-27,6
BEARING,44,2025-11-03,6
BEARING,45,2025-11-10,7
BEARING,46,2025-11-17,10
BEARING,47,2025-11-24,6
BEARING,48,2025-12-01,8
BEARING,49,2025-12-08,0
BEARING,50,2025-12-15,6
BEARING,51,2025-12-22,3
BEARING,52,2025-12-29,2
FILTER,1,2025-01-06,6
FILTER,2,2025-01-13,9
FILTER,3,2025-01-20,14
FILTER,4,2025-01-27,5
FILTER,5,2025-02-03,10
FILTER,6,2025-02-10,8
FILTER,7,2025-02-17,9
FILTER,8,2025-02-24,14
FILTER,9,2025-03-03,12
FILTER,10,2025-03-10,15
FILTER,11,2025-03-17,9
FILTER,12,2025-03-24,7
FILTER,13,2025-03-31,9
FILTER,14,2025-04-07,11
FILTER,15,2025-04-14,11
FILTER,16,2025-04-21,6
FILTER,17,2025-04-28,10
FILTER,18,2025-05-05,11
FILTER,19,2025-05-12,20
FILTER,20,2025-05-19,18
FILTER,21,2025-05-26,7
FILTER,22,2025-06-02,9
FILTER,23,2025-06-09,4
FILTER,24,2025-06-16,8
FILTER,25,2025-06-23,11
FILTER,26,2025-06-30,15
FILTER,27,2025-07-07,7
FILTER,28,2025-07-14,7
FILTER,29,2025-07-21,1
FILTER,30,2025-07-28,9
FILTER,31,2025-08-04,6
FILTER,32,2025-08-11,8
FILTER,33,2025-08-18,6
FILTER,34,2025-08-25,10
FILTER,35,2025-09-01,3
FILTER,36,2025-09-08,4
FILTER,37,2025-09-15,19
FILTER,38,2025-09-22,5
FILTER,39,2025-09-29,6
FILTER,40,2025-10-06,17
FILTER,41,2025-10-13,22
FILTER,42,2025-10-20,5
FILTER,43,2025-10-27,9
FILTER,44,2025-11-03,11
FILTER,45,2025-11-10,17
FILTER,46,2025-11-17,6
FILTER,47,2025-11-24,9
FILTER,48,2025-12-01,13
FILTER,49,2025-12-08,12
FILTER,50,2025-12-15,8
FILTER,51,2025-12-22,9
FILTER,52,2025-12-29,5
SEAL-KIT,1,2025-01-06,4
SEAL-KIT,2,2025-01-13,3
SEAL-KIT,3,2025-01-20,4
SEAL-KIT,4,2025-01-27,3
SEAL-KIT,5,2025-02-03,5
SEAL-KIT,6,2025-02-10,6
SEAL-KIT,7,2025-02-17,4
SEAL-KIT,8,2025-02-24,5
SEAL-KIT,9,2025-03-03,4
SEAL-KIT,10,2025-03-10,4
SEAL-KIT,11,2025-03-17,3
SEAL-KIT,12,2025-03-24,5
SEAL-KIT,13,2025-03-31,4
SEAL-KIT,14,2025-04-07,8
SEAL-KIT,15,2025-04-14,7
SEAL-KIT,16,2025-04-21,5
SEAL-KIT,17,2025-04-28,2
SEAL-KIT,18,2025-05-05,2
SEAL-KIT,19,2025-05-12,6
SEAL-KIT,20,2025-05-19,5
SEAL-KIT,21,2025-05-26,5
SEAL-KIT,22,2025-06-02,1
SEAL-KIT,23,2025-06-09,6
SEAL-KIT,24,2025-06-16,5
SEAL-KIT,25,2025-06-23,2
SEAL-KIT,26,2025-06-30,3
SEAL-KIT,27,2025-07-07,5
SEAL-KIT,28,2025-07-14,4
SEAL-KIT,29,2025-07-21,3
SEAL-KIT,30,2025-07-28,4
SEAL-KIT,31,2025-08-04,3
SEAL-KIT,32,2025-08-11,4
SEAL-KIT,33,2025-08-18,7
SEAL-KIT,34,2025-08-25,0
SEAL-KIT,35,2025-09-01,4
SEAL-KIT,36,2025-09-08,4
SEAL-KIT,37,2025-09-15,5
SEAL-KIT,38,2025-09-22,3
SEAL-KIT,39,2025-09-29,0
SEAL-KIT,40,2025-10-06,5
SEAL-KIT,41,2025-10-13,7
SEAL-KIT,42,2025-10-20,1
SEAL-KIT,43,2025-10-27,6
SEAL-KIT,44,2025-11-03,3
SEAL-KIT,45,2025-11-10,4
SEAL-KIT,46,2025-11-17,2
SEAL-KIT,47,2025-11-24,3
SEAL-KIT,48,2025-12-01,7
SEAL-KIT,49,2025-12-08,5
SEAL-KIT,50,2025-12-15,7
SEAL-KIT,51,2025-12-22,6
SEAL-KIT,52,2025-12-29,5
WELD-TIP,1,2025-01-06,35
WELD-TIP,2,2025-01-13,28
WELD-TIP,3,2025-01-20,30
WELD-TIP,4,2025-01-27,23
WELD-TIP,5,2025-02-03,25
WELD-TIP,6,2025-02-10,21
WELD-TIP,7,2025-02-17,31
WELD-TIP,8,2025-02-24,18
WELD-TIP,9,2025-03-03,30
WELD-TIP,10,2025-03-10,24
WELD-TIP,11,2025-03-17,32
WELD-TIP,12,2025-03-24,30
WELD-TIP,13,2025-03-31,36
WELD-TIP,14,2025-04-07,29
WELD-TIP,15,2025-04-14,16
WELD-TIP,16,2025-04-21,25
WELD-TIP,17,2025-04-28,18
WELD-TIP,18,2025-05-05,22
WELD-TIP,19,2025-05-12,34
WELD-TIP,20,2025-05-19,29
WELD-TIP,21,2025-05-26,21
WELD-TIP,22,2025-06-02,19
WELD-TIP,23,2025-06-09,25
WELD-TIP,24,2025-06-16,18
WELD-TIP,25,2025-06-23,21
WELD-TIP,26,2025-06-30,27
WELD-TIP,27,2025-07-07,32
WELD-TIP,28,2025-07-14,29
WELD-TIP,29,2025-07-21,11
WELD-TIP,30,2025-07-28,27
WELD-TIP,31,2025-08-04,25
WELD-TIP,32,2025-08-11,27
WELD-TIP,33,2025-08-18,35
WELD-TIP,34,2025-08-25,13
WELD-TIP,35,2025-09-01,21
WELD-TIP,36,2025-09-08,29
WELD-TIP,37,2025-09-15,16
WELD-TIP,38,2025-09-22,34
WELD-TIP,39,2025-09-29,27
WELD-TIP,40,2025-10-06,30
WELD-TIP,41,2025-10-13,22
WELD-TIP,42,2025-10-20,30
WELD-TIP,43,2025-10-27,31
WELD-TIP,44,2025-11-03,26
WELD-TIP,45,2025-11-10,26
WELD-TIP,46,2025-11-17,27
WELD-TIP,47,2025-11-24,20
WELD-TIP,48,2025-12-01,24
WELD-TIP,49,2025-12-08,24
WELD-TIP,50,2025-12-15,27
WELD-TIP,51,2025-12-22,31
WELD-TIP,52,2025-12-29,19
HYDRAULIC-HOSE,1,2025-01-06,2
HYDRAULIC-HOSE,2,2025-01-13,4
HYDRAULIC-HOSE,3,2025-01-20,1
HYDRAULIC-HOSE,4,2025-01-27,1
HYDRAULIC-HOSE,5,2025-02-03,2
HYDRAULIC-HOSE,6,2025-02-10,3
HYDRAULIC-HOSE,7,2025-02-17,2
HYDRAULIC-HOSE,8,2025-02-24,4
HYDRAULIC-HOSE,9,2025-03-03,3
HYDRAULIC-HOSE,10,2025-03-10,3
HYDRAULIC-HOSE,11,2025-03-17,3
HYDRAULIC-HOSE,12,2025-03-24,5
HYDRAULIC-HOSE,13,2025-03-31,2
HYDRAULIC-HOSE,14,2025-04-07,0
HYDRAULIC-HOSE,15,2025-04-14,4
HYDRAULIC-HOSE,16,2025-04-21,1
HYDRAULIC-HOSE,17,2025-04-28,2
HYDRAULIC-HOSE,18,2025-05-05,4
HYDRAULIC-HOSE,19,2025-05-12,0
HYDRAULIC-HOSE,20,2025-05-19,0
HYDRAULIC-HOSE,21,2025-05-26,0
HYDRAULIC-HOSE,22,2025-06-02,1
HYDRAULIC-HOSE,23,2025-06-09,3
HYDRAULIC-HOSE,24,2025-06-16,3
HYDRAULIC-HOSE,25,2025-06-23,2
HYDRAULIC-HOSE,26,2025-06-30,0
HYDRAULIC-HOSE,27,2025-07-07,0
HYDRAULIC-HOSE,28,2025-07-14,2
HYDRAULIC-HOSE,29,2025-07-21,1
HYDRAULIC-HOSE,30,2025-07-28,3
HYDRAULIC-HOSE,31,2025-08-04,3
HYDRAULIC-HOSE,32,2025-08-11,2
HYDRAULIC-HOSE,33,2025-08-18,3
HYDRAULIC-HOSE,34,2025-08-25,2
HYDRAULIC-HOSE,35,2025-09-01,3
HYDRAULIC-HOSE,36,2025-09-08,1
HYDRAULIC-HOSE,37,2025-09-15,2
HYDRAULIC-HOSE,38,2025-09-22,2
HYDRAULIC-HOSE,39,2025-09-29,3
HYDRAULIC-HOSE,40,2025-10-06,2
HYDRAULIC-HOSE,41,2025-10-13,3
HYDRAULIC-HOSE,42,2025-10-20,2
HYDRAULIC-HOSE,43,2025-10-27,2
HYDRAULIC-HOSE,44,2025-11-03,3
HYDRAULIC-HOSE,45,2025-11-10,0
HYDRAULIC-HOSE,46,2025-11-17,0
HYDRAULIC-HOSE,47,2025-11-24,0
HYDRAULIC-HOSE,48,2025-12-01,0
HYDRAULIC-HOSE,49,2025-12-08,1
HYDRAULIC-HOSE,50,2025-12-15,3
HYDRAULIC-HOSE,51,2025-12-22,2
HYDRAULIC-HOSE,52,2025-12-29,2
