date,machine_id,vibration_mm_s,temperature_c,pressure_bar,hours_since_maintenance,runtime_hours,failure
2025-01-01,LATHE_01,3.646,67.88,4.943,19.74,6.72,0
2025-01-01,PACK_01,3.955,66.78,4.879,21.19,9.38,0
2025-01-01,PRESS_01,2.332,64.63,5.829,30.96,6.38,0
2025-01-01,WELD_01,1.824,57.04,5.208,22.12,8.17,0
2025-01-02,LATHE_01,2.354,63.97,5.596,26.46,9.08,0
2025-01-02,PACK_01,3.15,68.48,5.258,30.56,6.83,0
2025-01-02,PRESS_01,2.858,60.89,5.494,37.33,7.8,0
2025-01-02,WELD_01,2.967,61.91,5.867,30.29,8.34,0
2025-01-03,LATHE_01,2.953,62.85,5.448,35.54,9.76,0
2025-01-03,PACK_01,2.46,64.16,5.95,37.39,8.9,0
2025-01-03,PRESS_01,3.15,62.23,5.895,45.14,7.77,0
2025-01-03,WELD_01,3.165,57.63,5.636,38.62,9.04,0
2025-01-04,LATHE_01,3.082,65.55,5.393,45.31,7.65,0
2025-01-04,PACK_01,2.786,64.78,5.372,46.28,9.48,0
2025-01-04,PRESS_01,2.966,58.64,5.807,52.91,8.53,0
2025-01-04,WELD_01,3.665,60.82,6.221,47.66,9.58,0
2025-01-05,LATHE_01,2.236,65.67,5.5,52.95,9.02,0
2025-01-05,PACK_01,3.473,65.51,5.638,55.76,9.68,0
2025-01-05,PRESS_01,2.494,66.28,5.446,61.44,9.11,0
2025-01-05,WELD_01,2.981,59.23,5.237,57.25,7.65,0
2025-01-06,LATHE_01,2.221,57.09,5.596,61.98,7.0,0
2025-01-06,PACK_01,2.75,67.92,5.915,65.44,7.78,0
2025-01-06,PRESS_01,3.04,63.28,5.644,70.55,8.73,0
2025-01-06,WELD_01,2.67,66.46,5.905,64.9,9.5,0
2025-01-07,LATHE_01,2.892,66.33,5.826,68.98,8.11,0
2025-01-07,PACK_01,3.43,54.98,5.606,73.22,9.2,0
2025-01-07,PRESS_01,2.617,60.21,5.215,79.28,7.88,0
2025-01-07,WELD_01,3.188,67.77,4.842,74.4,6.65,0
2025-01-08,LATHE_01,2.152,66.69,5.928,77.09,8.11,0
2025-01-08,PACK_01,3.568,64.74,5.101,82.42,8.59,0
2025-01-08,PRESS_01,2.749,59.06,5.211,87.16,8.68,0
2025-01-08,WELD_01,3.004,61.0,5.442,81.04,7.96,0
2025-01-09,LATHE_01,3.403,67.01,6.046,85.2,9.94,0
2025-01-09,PACK_01,3.302,65.57,5.864,91.01,6.41,0
2025-01-09,PRESS_01,3.044,59.67,5.581,95.84,7.55,0
2025-01-09,WELD_01,3.136,62.19,5.526,89.01,6.5,0
2025-01-10,LATHE_01,3.436,64.2,5.109,95.14,8.19,0
2025-01-10,PACK_01,3.83,58.93,5.563,97.43,8.75,0
2025-01-10,PRESS_01,3.192,62.78,5.738,103.39,6.03,0
2025-01-10,WELD_01,3.474,68.77,5.608,95.51,8.22,1
2025-01-11,LATHE_01,3.14,64.77,5.409,103.33,9.0,0
2025-01-11,PACK_01,2.843,64.41,6.144,106.17,6.3,0
2025-01-11,PRESS_01,3.084,56.9,5.388,109.42,7.84,0
2025-01-11,WELD_01,2.91,66.29,5.803,0.0,9.67,0
2025-01-12,LATHE_01,2.836,64.04,5.808,112.33,9.4,0
2025-01-12,PACK_01,2.664,71.05,5.338,112.47,8.51,0
2025-01-12,PRESS_01,2.676,67.23,5.197,117.26,7.88,0
2025-01-12,WELD_01,3.171,67.2,5.601,9.67,8.13,0
2025-01-13,LATHE_01,2.183,64.11,5.109,121.73,6.08,0
2025-01-13,PACK_01,2.825,64.18,6.36,120.98,7.97,1
2025-01-13,PRESS_01,2.649,62.57,5.705,125.14,8.24,0
2025-01-13,WELD_01,1.631,64.34,4.223,17.79,7.88,0
2025-01-14,LATHE_01,2.811,64.81,5.395,127.81,6.26,1
2025-01-14,PACK_01,3.541,62.09,4.878,0.0,7.32,0
2025-01-14,PRESS_01,2.643,60.38,5.8,133.38,7.63,0
2025-01-14,WELD_01,3.165,58.93,5.251,25.67,7.37,0
2025-01-15,LATHE_01,2.789,63.41,5.865,0.0,6.62,0
2025-01-15,PACK_01,3.721,63.36,5.442,7.32,9.49,0
2025-01-15,PRESS_01,2.29,58.78,5.674,141.01,7.17,0
2025-01-15,WELD_01,3.959,62.99,5.643,33.04,6.85,0
2025-01-16,LATHE_01,3.395,60.2,5.994,6.62,9.21,0
2025-01-16,PACK_01,3.426,63.62,4.933,16.81,7.13,0
2025-01-16,PRESS_01,2.608,62.55,5.719,148.18,7.63,0
2025-01-16,WELD_01,2.499,62.62,5.488,39.89,9.97,0
2025-01-17,LATHE_01,3.171,63.27,5.737,15.83,8.2,0
2025-01-17,PACK_01,2.711,67.24,5.616,23.94,8.72,0
2025-01-17,PRESS_01,2.502,60.73,5.366,155.81,8.89,0
2025-01-17,WELD_01,2.616,66.24,5.512,49.86,6.61,0
2025-01-18,LATHE_01,3.492,62.03,5.284,24.03,8.4,0
2025-01-18,PACK_01,2.937,59.34,5.313,32.65,7.86,0
2025-01-18,PRESS_01,2.589,62.04,5.668,164.7,8.79,1
2025-01-18,WELD_01,3.05,65.16,5.15,56.47,8.9,0
2025-01-19,LATHE_01,2.277,66.55,6.133,32.43,7.44,0
2025-01-19,PACK_01,2.938,58.63,6.113,40.52,7.8,0
2025-01-19,PRESS_01,2.756,60.52,5.472,0.0,7.45,0
2025-01-19,WELD_01,2.764,58.04,5.655,65.37,9.8,0
2025-01-20,LATHE_01,3.426,68.98,5.34,39.87,6.07,0
2025-01-20,PACK_01,3.685,67.02,5.414,48.32,8.6,0
2025-01-20,PRESS_01,2.205,58.51,5.64,7.45,8.8,0
2025-01-20,WELD_01,3.053,65.57,5.631,75.18,6.16,0
2025-01-21,LATHE_01,3.22,60.28,5.57,45.94,9.24,0
2025-01-21,PACK_01,4.436,66.95,5.338,56.92,7.73,0
2025-01-21,PRESS_01,3.385,60.75,5.758,16.25,7.8,0
2025-01-21,WELD_01,3.099,61.94,5.331,81.34,7.21,0
2025-01-22,LATHE_01,3.561,61.26,5.102,55.18,6.98,1
2025-01-22,PACK_01,3.927,62.69,5.675,64.65,6.93,1
2025-01-22,PRESS_01,2.372,60.81,5.794,24.04,6.81,0
2025-01-22,WELD_01,3.757,67.6,5.462,88.55,8.25,0
2025-01-23,LATHE_01,2.838,58.57,5.659,0.0,6.71,0
2025-01-23,PACK_01,3.293,65.04,5.48,0.0,7.73,0
2025-01-23,PRESS_01,2.907,59.92,4.994,30.85,9.03,0
2025-01-23,WELD_01,3.005,63.46,5.788,96.79,8.59,0
2025-01-24,LATHE_01,2.85,67.75,5.711,6.71,6.07,0
2025-01-24,PACK_01,3.916,64.62,5.225,7.73,8.64,0
2025-01-24,PRESS_01,2.905,62.08,6.061,39.89,8.6,0
2025-01-24,WELD_01,2.763,65.22,5.501,105.38,6.37,0
2025-01-25,LATHE_01,2.578,64.11,5.552,12.78,9.88,0
2025-01-25,PACK_01,3.554,66.96,5.41,16.37,7.27,0
2025-01-25,PRESS_01,2.881,62.77,5.976,48.49,7.32,0
2025-01-25,WELD_01,2.781,65.65,5.633,111.75,7.31,1
2025-01-26,LATHE_01,2.749,65.78,5.693,22.66,9.4,0
2025-01-26,PACK_01,3.133,68.39,5.806,23.64,8.23,0
2025-01-26,PRESS_01,3.458,57.84,5.276,55.81,9.7,0
2025-01-26,WELD_01,2.725,57.21,5.134,0.0,8.67,0
2025-01-27,LATHE_01,1.729,61.84,5.859,32.06,6.61,0
2025-01-27,PACK_01,3.299,71.04,4.83,31.87,6.08,0
2025-01-27,PRESS_01,2.18,64.22,5.422,65.51,9.83,0
2025-01-27,WELD_01,2.827,61.82,5.717,8.67,8.7,0
2025-01-28,LATHE_01,2.608,67.59,4.827,38.67,7.89,0
2025-01-28,PACK_01,2.994,62.78,5.372,37.95,7.61,0
2025-01-28,PRESS_01,2.941,64.93,6.199,75.34,7.96,0
2025-01-28,WELD_01,3.134,65.16,4.762,17.37,9.81,0
2025-01-29,LATHE_01,2.563,61.96,5.144,46.56,7.48,0
2025-01-29,PACK_01,3.253,63.13,4.988,45.55,8.2,0
2025-01-29,PRESS_01,2.355,54.54,5.594,83.3,7.33,0
2025-01-29,WELD_01,2.966,62.98,5.866,27.18,9.9,0
2025-01-30,LATHE_01,2.326,62.59,5.198,54.04,8.94,0
2025-01-30,PACK_01,3.629,59.61,5.605,53.75,9.77,0
2025-01-30,PRESS_01,2.525,61.51,5.873,90.63,9.58,0
2025-01-30,WELD_01,2.725,64.7,5.315,37.09,9.5,0
2025-01-31,LATHE_01,3.822,63.88,5.093,62.97,6.97,0
2025-01-31,PACK_01,3.254,64.59,6.145,63.52,8.47,0
2025-01-31,PRESS_01,2.334,56.14,5.33,100.21,7.12,0
2025-01-31,WELD_01,2.699,65.82,5.737,46.59,7.29,0
2025-02-01,LATHE_01,2.526,64.33,5.07,69.94,9.95,0
2025-02-01,PACK_01,4.372,61.8,5.843,71.99,6.82,0
2025-02-01,PRESS_01,3.596,62.46,5.844,107.34,9.66,1
2025-02-01,WELD_01,3.264,63.36,5.233,53.88,6.98,0
2025-02-02,LATHE_01,2.289,61.37,5.182,79.89,6.28,0
2025-02-02,PACK_01,3.472,64.62,5.694,78.8,6.6,0
2025-02-02,PRESS_01,2.366,59.46,6.245,0.0,9.32,0
2025-02-02,WELD_01,3.194,59.66,5.653,60.85,8.98,0
2025-02-03,LATHE_01,3.125,64.86,4.878,86.18,9.38,0
2025-02-03,PACK_01,3.284,64.41,5.884,85.4,6.23,0
2025-02-03,PRESS_01,2.394,65.26,5.635,9.32,8.06,0
2025-02-03,WELD_01,2.999,71.56,5.018,69.83,6.96,0
2025-02-04,LATHE_01,2.639,67.18,5.079,95.56,8.6,1
2025-02-04,PACK_01,2.951,61.34,5.301,91.63,8.13,0
2025-02-04,PRESS_01,2.505,63.56,5.341,17.38,7.74,0
2025-02-04,WELD_01,3.135,63.41,5.656,76.79,7.64,0
2025-02-05,LATHE_01,3.174,61.76,5.405,0.0,6.61,0
2025-02-05,PACK_01,3.689,64.46,6.001,99.77,9.42,1
2025-02-05,PRESS_01,2.878,67.53,5.556,25.12,9.57,0
2025-02-05,WELD_01,2.745,66.96,5.274,84.43,6.03,0
2025-02-06,LATHE_01,3.318,64.83,5.469,6.61,7.76,0
2025-02-06,PACK_01,2.88,70.51,5.479,0.0,6.64,0
2025-02-06,PRESS_01,3.388,62.77,5.356,34.69,7.49,0
2025-02-06,WELD_01,3.155,68.06,5.473,90.46,9.1,1
2025-02-07,LATHE_01,2.994,62.93,5.537,14.38,8.46,0
2025-02-07,PACK_01,2.85,59.86,5.722,6.64,8.35,0
2025-02-07,PRESS_01,3.491,62.64,5.071,42.19,6.96,0
2025-02-07,WELD_01,2.847,57.43,5.18,0.0,6.62,0
2025-02-08,LATHE_01,3.446,57.37,5.576,22.83,6.99,0
2025-02-08,PACK_01,2.761,60.6,5.679,15.0,8.25,0
2025-02-08,PRESS_01,3.576,61.37,5.366,49.15,8.4,0
2025-02-08,WELD_01,4.214,60.95,6.002,6.62,6.28,0
2025-02-09,LATHE_01,3.177,62.04,5.511,29.83,8.12,0
2025-02-09,PACK_01,3.508,58.55,5.263,23.25,6.34,0
2025-02-09,PRESS_01,3.432,58.87,5.725,57.55,9.89,0
2025-02-09,WELD_01,3.145,63.22,5.539,12.89,8.65,0
2025-02-10,LATHE_01,2.97,64.69,5.231,37.95,7.69,0
2025-02-10,PACK_01,3.303,57.15,5.037,29.59,9.26,0
2025-02-10,PRESS_01,2.726,63.18,5.993,67.44,6.53,0
2025-02-10,WELD_01,2.255,65.29,5.403,21.55,8.21,0
2025-02-11,LATHE_01,3.276,65.91,5.581,45.63,8.41,0
2025-02-11,PACK_01,3.428,66.07,5.813,38.85,9.19,0
2025-02-11,PRESS_01,1.877,61.83,5.205,73.96,8.32,0
2025-02-11,WELD_01,3.308,63.63,5.27,29.76,10.0,0
2025-02-12,LATHE_01,3.276,65.06,5.468,54.04,9.72,0
2025-02-12,PACK_01,3.249,66.06,5.679,48.05,6.59,0
2025-02-12,PRESS_01,2.65,65.21,5.036,82.29,6.52,0
2025-02-12,WELD_01,3.661,64.73,5.841,39.75,7.27,0
2025-02-13,LATHE_01,2.897,61.67,5.652,63.75,6.59,0
2025-02-13,PACK_01,3.1,62.14,5.648,54.64,6.05,0
2025-02-13,PRESS_01,3.02,60.31,5.385,88.81,7.95,0
2025-02-13,WELD_01,3.226,65.09,5.682,47.03,7.41,0
2025-02-14,LATHE_01,3.605,63.67,5.111,70.34,9.37,0
2025-02-14,PACK_01,2.963,62.68,5.268,60.68,6.4,0
2025-02-14,PRESS_01,3.402,61.46,5.256,96.77,6.1,0
2025-02-14,WELD_01,2.34,60.22,5.956,54.44,7.29,0
2025-02-15,LATHE_01,2.531,70.22,5.731,79.71,6.52,1
2025-02-15,PACK_01,3.285,61.98,5.783,67.09,7.13,0
2025-02-15,PRESS_01,2.879,58.2,5.532,102.87,7.68,0
2025-02-15,WELD_01,2.828,58.97,5.416,61.73,6.58,0
2025-02-16,LATHE_01,3.816,64.56,5.49,0.0,6.36,0
2025-02-16,PACK_01,3.71,63.12,5.357,74.22,6.51,0
2025-02-16,PRESS_01,3.645,59.01,5.399,110.54,7.87,0
2025-02-16,WELD_01,3.46,61.74,5.623,68.3,6.27,1
2025-02-17,LATHE_01,3.314,64.05,5.224,6.36,7.04,0
2025-02-17,PACK_01,3.259,60.8,5.69,80.73,8.84,0
2025-02-17,PRESS_01,2.942,66.22,5.245,118.41,9.19,1
2025-02-17,WELD_01,2.951,60.38,5.417,0.0,6.14,0
2025-02-18,LATHE_01,2.5,58.85,5.698,13.4,9.42,0
2025-02-18,PACK_01,3.249,57.18,5.625,89.57,6.4,0
2025-02-18,PRESS_01,2.727,58.28,5.315,0.0,7.5,0
2025-02-18,WELD_01,3.747,62.66,5.415,6.14,9.44,0
2025-02-19,LATHE_01,2.885,68.58,5.327,22.82,7.21,0
2025-02-19,PACK_01,4.074,61.43,5.819,95.97,8.2,1
2025-02-19,PRESS_01,2.758,55.85,4.987,7.5,6.99,0
2025-02-19,WELD_01,2.832,60.6,5.984,15.58,7.58,0
2025-02-20,LATHE_01,3.151,66.58,5.338,30.03,6.73,0
2025-02-20,PACK_01,2.677,62.74,5.263,0.0,7.24,0
2025-02-20,PRESS_01,2.306,68.43,6.517,14.49,6.27,0
2025-02-20,WELD_01,2.978,63.13,5.469,23.16,9.0,0
2025-02-21,LATHE_01,3.233,67.23,5.731,36.75,8.87,0
2025-02-21,PACK_01,3.375,60.27,5.391,7.24,6.84,0
2025-02-21,PRESS_01,2.954,68.05,5.155,20.75,6.58,0
2025-02-21,WELD_01,1.906,55.99,5.31,32.16,9.01,0
2025-02-22,LATHE_01,2.479,60.52,5.731,45.62,6.86,0
2025-02-22,PACK_01,3.78,68.7,5.236,14.08,6.98,0
2025-02-22,PRESS_01,2.996,60.68,5.453,27.33,6.46,0
2025-02-22,WELD_01,3.163,61.66,5.857,41.17,9.29,0
2025-02-23,LATHE_01,2.595,66.68,5.071,52.47,6.5,0
2025-02-23,PACK_01,3.89,63.6,5.237,21.06,6.44,0
2025-02-23,PRESS_01,2.68,62.81,5.306,33.79,8.36,0
2025-02-23,WELD_01,3.383,63.95,5.303,50.46,7.79,0
2025-02-24,LATHE_01,3.265,66.04,5.327,58.97,8.43,0
2025-02-24,PACK_01,3.261,63.97,5.454,27.5,9.05,0
2025-02-24,PRESS_01,2.87,63.23,5.519,42.16,9.5,0
2025-02-24,WELD_01,2.951,68.16,4.642,58.25,6.77,0
2025-02-25,LATHE_01,2.608,58.94,6.103,67.4,6.65,0
2025-02-25,PACK_01,3.44,67.54,5.909,36.55,6.37,0
2025-02-25,PRESS_01,2.942,61.66,6.233,51.66,8.28,0
2025-02-25,WELD_01,2.787,62.11,4.972,65.02,8.27,0
2025-02-26,LATHE_01,2.961,63.39,5.838,74.05,6.06,0
2025-02-26,PACK_01,3.117,56.19,4.755,42.92,8.28,0
2025-02-26,PRESS_01,2.457,58.11,5.917,59.94,6.21,0
2025-02-26,WELD_01,4.056,69.31,5.356,73.29,6.2,0
2025-02-27,LATHE_01,3.012,62.8,5.008,80.1,6.96,0
2025-02-27,PACK_01,3.301,65.65,6.183,51.2,8.41,0
2025-02-27,PRESS_01,2.015,65.25,5.659,66.15,9.92,0
2025-02-27,WELD_01,2.091,62.59,5.151,79.49,9.03,0
2025-02-28,LATHE_01,3.125,59.5,5.488,87.06,7.54,0
2025-02-28,PACK_01,3.387,62.42,5.51,59.61,6.92,0
2025-02-28,PRESS_01,2.919,62.18,5.398,76.07,6.54,0
2025-02-28,WELD_01,2.607,63.52,5.628,88.52,8.09,0
2025-03-01,LATHE_01,2.688,65.43,5.635,94.6,6.81,0
2025-03-01,PACK_01,2.943,72.11,5.489,66.53,6.74,0
2025-03-01,PRESS_01,2.869,67.15,4.602,82.61,7.54,0
2025-03-01,WELD_01,3.335,60.2,5.722,96.61,6.0,0
2025-03-02,LATHE_01,3.56,66.72,5.467,101.41,8.13,0
2025-03-02,PACK_01,3.236,62.96,5.542,73.27,7.79,0
2025-03-02,PRESS_01,2.933,60.7,4.885,90.15,7.67,0
2025-03-02,WELD_01,2.808,64.28,5.715,102.61,9.56,0
2025-03-03,LATHE_01,3.311,64.68,5.72,109.54,9.58,0
2025-03-03,PACK_01,2.645,62.26,5.456,81.06,9.67,0
2025-03-03,PRESS_01,2.11,65.02,5.385,97.81,7.52,0
2025-03-03,WELD_01,3.403,62.1,5.763,112.17,6.86,0
2025-03-04,LATHE_01,3.143,66.75,5.805,119.12,9.72,1
2025-03-04,PACK_01,3.21,70.41,5.432,90.73,9.13,0
2025-03-04,PRESS_01,2.649,66.55,5.704,105.33,7.92,0
2025-03-04,WELD_01,2.397,59.76,6.02,119.03,6.4,0
2025-03-05,LATHE_01,3.795,64.9,4.9,0.0,8.62,0
2025-03-05,PACK_01,3.049,65.74,6.055,99.86,7.08,0
2025-03-05,PRESS_01,2.998,68.1,5.654,113.26,9.22,0
2025-03-05,WELD_01,2.731,64.47,5.464,125.43,9.44,0
2025-03-06,LATHE_01,2.974,62.21,5.99,8.62,9.43,0
2025-03-06,PACK_01,3.538,70.7,5.479,106.94,7.5,0
2025-03-06,PRESS_01,2.83,59.56,5.846,122.47,6.81,0
2025-03-06,WELD_01,2.629,59.92,6.299,134.87,7.06,0
2025-03-07,LATHE_01,3.195,65.37,5.674,18.05,7.79,0
2025-03-07,PACK_01,2.905,60.76,6.316,114.44,7.79,1
2025-03-07,PRESS_01,2.714,66.1,5.763,129.28,8.9,1
2025-03-07,WELD_01,2.73,62.35,5.25,141.93,6.4,1
2025-03-08,LATHE_01,3.32,63.09,5.522,25.85,7.08,0
2025-03-08,PACK_01,3.812,67.41,6.188,0.0,9.48,0
2025-03-08,PRESS_01,2.093,61.77,5.09,0.0,9.2,0
2025-03-08,WELD_01,2.135,55.13,5.082,0.0,9.41,0
2025-03-09,LATHE_01,3.448,65.94,5.515,32.93,7.67,0
2025-03-09,PACK_01,3.042,58.09,5.871,9.48,7.07,0
2025-03-09,PRESS_01,3.087,59.55,5.145,9.2,7.01,0
2025-03-09,WELD_01,3.531,64.44,5.774,9.41,6.18,0
2025-03-10,LATHE_01,3.087,64.68,6.272,40.6,8.26,0
2025-03-10,PACK_01,4.312,63.76,5.353,16.55,9.04,0
2025-03-10,PRESS_01,2.498,63.09,5.904,16.22,8.29,0
2025-03-10,WELD_01,3.278,60.98,5.696,15.59,9.22,0
2025-03-11,LATHE_01,3.581,64.34,6.318,48.86,9.14,0
2025-03-11,PACK_01,2.995,62.79,5.87,25.59,9.68,0
2025-03-11,PRESS_01,2.937,62.25,5.645,24.51,7.97,0
2025-03-11,WELD_01,2.445,58.86,5.53,24.81,7.59,0
2025-03-12,LATHE_01,2.741,62.77,5.587,58.0,6.68,0
2025-03-12,PACK_01,3.011,57.84,5.071,35.27,7.86,0
2025-03-12,PRESS_01,2.534,64.07,4.946,32.48,6.35,0
2025-03-12,WELD_01,2.962,65.0,5.716,32.4,6.41,0
2025-03-13,LATHE_01,3.667,63.67,5.384,64.68,6.46,0
2025-03-13,PACK_01,2.907,64.4,5.505,43.13,9.81,0
2025-03-13,PRESS_01,3.181,60.0,5.785,38.83,7.33,0
2025-03-13,WELD_01,2.499,68.89,5.314,38.81,7.73,0
2025-03-14,LATHE_01,2.776,61.57,5.17,71.14,9.26,0
2025-03-14,PACK_01,2.872,65.96,5.465,52.94,8.7,0
2025-03-14,PRESS_01,2.905,62.95,5.198,46.16,7.26,0
2025-03-14,WELD_01,2.765,56.67,5.44,46.54,7.32,0
2025-03-15,LATHE_01,3.157,63.78,5.756,80.4,6.47,0
2025-03-15,PACK_01,3.411,68.82,5.67,61.64,7.21,0
2025-03-15,PRESS_01,2.973,65.5,5.13,53.42,7.53,0
2025-03-15,WELD_01,3.633,60.21,5.606,53.86,8.22,0
2025-03-16,LATHE_01,3.201,66.1,5.616,86.88,8.35,0
2025-03-16,PACK_01,2.874,64.75,5.941,68.85,8.53,0
2025-03-16,PRESS_01,2.465,59.12,5.571,60.95,7.92,0
2025-03-16,WELD_01,3.299,62.87,6.109,62.07,6.66,0
2025-03-17,LATHE_01,2.765,62.17,5.17,95.23,10.0,0
2025-03-17,PACK_01,3.028,65.7,5.369,77.38,6.65,0
2025-03-17,PRESS_01,3.398,65.0,5.795,68.87,6.47,0
2025-03-17,WELD_01,2.994,65.79,5.343,68.74,9.02,0
2025-03-18,LATHE_01,3.686,66.22,5.712,105.23,6.35,1
2025-03-18,PACK_01,3.65,69.98,5.849,84.03,6.77,0
2025-03-18,PRESS_01,2.708,54.99,6.061,75.34,8.74,1
2025-03-18,WELD_01,2.574,65.32,5.728,77.76,8.68,1
2025-03-19,LATHE_01,2.331,61.42,5.284,0.0,7.42,0
2025-03-19,PACK_01,3.216,63.42,5.102,90.8,7.71,0
2025-03-19,PRESS_01,3.389,56.39,5.062,0.0,7.83,0
2025-03-19,WELD_01,3.602,61.69,5.631,0.0,8.32,1
2025-03-20,LATHE_01,2.965,59.74,5.617,7.42,7.01,0
2025-03-20,PACK_01,2.948,63.89,5.912,98.51,9.04,0
2025-03-20,PRESS_01,2.998,63.83,5.597,7.83,6.44,0
2025-03-20,WELD_01,2.68,68.67,5.627,0.0,6.11,0
2025-03-21,LATHE_01,3.328,66.11,5.369,14.43,7.36,0
2025-03-21,PACK_01,3.327,63.98,5.501,107.55,7.21,1
2025-03-21,PRESS_01,2.824,60.35,5.661,14.28,6.43,0
2025-03-21,WELD_01,1.973,55.95,5.779,6.11,6.02,0
2025-03-22,LATHE_01,2.262,60.49,4.891,21.79,9.51,0
2025-03-22,PACK_01,4.185,62.04,5.801,0.0,8.56,0
2025-03-22,PRESS_01,2.502,62.48,5.766,20.7,9.59,0
2025-03-22,WELD_01,2.353,62.92,6.201,12.13,8.26,0
2025-03-23,LATHE_01,2.889,71.04,5.692,31.3,7.19,0
2025-03-23,PACK_01,3.597,69.44,5.2,8.56,6.0,0
2025-03-23,PRESS_01,2.483,61.37,5.569,30.29,6.79,0
2025-03-23,WELD_01,2.752,61.62,4.755,20.39,8.15,0
2025-03-24,LATHE_01,2.65,64.13,5.561,38.48,6.79,0
2025-03-24,PACK_01,2.684,68.67,5.337,14.56,7.33,0
2025-03-24,PRESS_01,3.035,61.07,5.459,37.08,6.21,0
2025-03-24,WELD_01,2.241,60.69,5.095,28.53,8.38,0
2025-03-25,LATHE_01,3.106,63.25,5.215,45.27,8.14,0
2025-03-25,PACK_01,3.015,63.35,5.759,21.89,9.93,0
2025-03-25,PRESS_01,2.217,56.81,4.683,43.29,6.23,0
2025-03-25,WELD_01,2.012,65.15,5.764,36.91,8.26,0
2025-03-26,LATHE_01,3.141,66.12,5.878,53.41,8.09,0
2025-03-26,PACK_01,3.319,68.39,5.933,31.82,8.76,0
2025-03-26,PRESS_01,2.672,62.69,5.881,49.52,9.35,0
2025-03-26,WELD_01,2.502,67.32,4.528,45.17,7.67,0
2025-03-27,LATHE_01,3.297,66.14,5.348,61.49,8.79,0
2025-03-27,PACK_01,2.897,71.39,5.103,40.58,9.95,0
2025-03-27,PRESS_01,2.454,66.74,5.532,58.87,9.4,0
2025-03-27,WELD_01,3.312,60.64,5.641,52.84,7.22,0
2025-03-28,LATHE_01,3.681,70.22,5.197,70.29,6.51,0
2025-03-28,PACK_01,4.156,67.07,5.144,50.53,6.16,0
2025-03-28,PRESS_01,2.134,58.89,5.375,68.28,8.84,0
2025-03-28,WELD_01,2.859,64.32,4.98,60.05,8.76,0
2025-03-29,LATHE_01,3.056,61.73,4.98,76.79,8.52,0
2025-03-29,PACK_01,3.724,64.75,5.516,56.69,9.75,0
2025-03-29,PRESS_01,2.178,63.37,5.136,77.11,6.17,0
2025-03-29,WELD_01,2.698,62.92,4.953,68.82,6.16,0
2025-03-30,LATHE_01,3.139,61.22,5.115,85.31,6.15,0
2025-03-30,PACK_01,2.668,62.15,5.582,66.43,6.32,0
2025-03-30,PRESS_01,1.976,65.25,5.288,83.28,6.73,0
2025-03-30,WELD_01,3.082,57.44,5.457,74.98,6.75,0
2025-03-31,LATHE_01,3.361,71.65,5.597,91.45,7.68,1
2025-03-31,PACK_01,3.601,66.01,5.762,72.76,6.78,1
2025-03-31,PRESS_01,2.506,63.5,5.434,90.02,8.29,0
2025-03-31,WELD_01,2.466,66.07,5.595,81.73,9.24,0
2025-04-01,LATHE_01,2.521,69.54,5.177,0.0,6.37,0
2025-04-01,PACK_01,2.879,60.63,5.617,0.0,7.55,0
2025-04-01,PRESS_01,3.394,60.8,4.983,98.31,8.8,0
2025-04-01,WELD_01,3.161,65.3,6.449,90.97,8.54,0
2025-04-02,LATHE_01,3.059,60.84,5.393,6.37,9.89,0
2025-04-02,PACK_01,3.496,65.85,5.695,7.55,9.05,0
2025-04-02,PRESS_01,3.302,63.34,5.454,107.11,7.62,0
2025-04-02,WELD_01,3.143,64.54,5.316,99.5,9.97,0
2025-04-03,LATHE_01,2.473,67.3,5.672,16.26,6.16,0
2025-04-03,PACK_01,2.923,66.29,5.734,16.6,7.67,1
2025-04-03,PRESS_01,3.735,62.24,5.556,114.72,7.22,0
2025-04-03,WELD_01,3.097,60.44,5.821,109.48,9.61,1
2025-04-04,LATHE_01,2.765,63.81,5.908,22.42,9.8,0
2025-04-04,PACK_01,2.969,63.16,5.106,0.0,7.41,0
2025-04-04,PRESS_01,2.95,61.91,5.61,121.94,7.64,1
2025-04-04,WELD_01,3.203,58.48,5.623,0.0,9.34,0
2025-04-05,LATHE_01,3.404,55.67,5.862,32.22,7.3,0
2025-04-05,PACK_01,3.492,71.9,5.434,7.41,8.99,0
2025-04-05,PRESS_01,1.867,58.09,5.339,0.0,7.67,0
2025-04-05,WELD_01,2.781,61.23,5.356,9.34,7.59,0
2025-04-06,LATHE_01,3.211,67.8,5.693,39.51,9.98,0
2025-04-06,PACK_01,3.148,65.89,5.361,16.4,7.1,0
2025-04-06,PRESS_01,3.298,58.63,5.622,7.67,8.81,0
2025-04-06,WELD_01,3.362,56.93,5.802,16.93,6.76,0
2025-04-07,LATHE_01,3.162,63.32,5.667,49.49,7.15,0
2025-04-07,PACK_01,3.199,71.22,5.584,23.5,9.23,0
2025-04-07,PRESS_01,2.883,64.17,5.381,16.48,8.2,0
2025-04-07,WELD_01,2.443,67.65,5.936,23.69,8.83,0
2025-04-08,LATHE_01,3.004,57.54,5.341,56.64,6.13,0
2025-04-08,PACK_01,3.438,64.53,5.287,32.73,7.76,0
2025-04-08,PRESS_01,2.803,71.09,5.578,24.68,8.95,0
2025-04-08,WELD_01,3.323,64.42,4.938,32.52,6.51,0
2025-04-09,LATHE_01,3.384,67.18,5.544,62.78,9.94,0
2025-04-09,PACK_01,3.131,59.9,5.256,40.48,6.53,0
2025-04-09,PRESS_01,3.061,61.8,5.44,33.63,9.2,0
2025-04-09,WELD_01,3.2,63.62,5.602,39.02,9.89,0
2025-04-10,LATHE_01,3.949,62.09,4.806,72.72,8.32,0
2025-04-10,PACK_01,3.5,67.37,5.274,47.01,9.59,0
2025-04-10,PRESS_01,2.417,64.33,5.88,42.82,6.22,0
2025-04-10,WELD_01,1.66,61.89,5.442,48.91,7.45,0
2025-04-11,LATHE_01,3.597,64.97,5.66,81.04,8.76,0
2025-04-11,PACK_01,2.971,61.79,5.084,56.61,8.22,0
2025-04-11,PRESS_01,3.004,60.92,5.827,49.05,8.97,1
2025-04-11,WELD_01,3.512,59.2,5.618,56.36,7.78,0
2025-04-12,LATHE_01,4.125,67.4,4.947,89.8,6.68,1
2025-04-12,PACK_01,3.689,65.14,5.772,64.83,9.89,0
2025-04-12,PRESS_01,1.904,56.77,5.977,0.0,6.61,0
2025-04-12,WELD_01,3.615,61.1,5.662,64.14,6.82,0
2025-04-13,LATHE_01,3.641,62.51,5.908,0.0,6.27,0
2025-04-13,PACK_01,3.33,67.19,5.633,74.72,9.22,1
2025-04-13,PRESS_01,2.124,51.62,5.31,6.61,9.98,0
2025-04-13,WELD_01,3.221,62.36,5.701,70.97,9.91,0
2025-04-14,LATHE_01,2.762,62.22,5.393,6.27,6.23,0
2025-04-14,PACK_01,2.93,66.98,5.742,0.0,6.32,0
2025-04-14,PRESS_01,2.548,63.63,4.954,16.6,7.55,0
2025-04-14,WELD_01,2.804,62.29,5.328,80.87,6.78,0
2025-04-15,LATHE_01,1.857,62.48,5.629,12.49,9.18,0
2025-04-15,PACK_01,2.925,63.75,5.023,6.32,6.91,0
2025-04-15,PRESS_01,2.761,64.77,5.621,24.15,6.66,0
2025-04-15,WELD_01,3.065,65.28,5.497,87.65,6.81,0
2025-04-16,LATHE_01,3.106,68.52,5.591,21.67,9.32,0
2025-04-16,PACK_01,3.289,60.87,5.459,13.23,9.84,0
2025-04-16,PRESS_01,3.204,67.7,5.16,30.8,9.36,0
2025-04-16,WELD_01,3.953,57.51,5.941,94.46,7.39,1
2025-04-17,LATHE_01,3.716,64.2,5.674,31.0,8.74,0
2025-04-17,PACK_01,3.157,68.59,5.354,23.07,9.28,0
2025-04-17,PRESS_01,2.714,66.91,5.345,40.16,6.32,0
2025-04-17,WELD_01,3.953,66.48,5.84,0.0,7.51,0
2025-04-18,LATHE_01,3.282,71.82,5.405,39.74,7.85,0
2025-04-18,PACK_01,3.112,68.87,5.65,32.35,8.66,1
2025-04-18,PRESS_01,2.916,67.48,5.373,46.48,6.72,0
2025-04-18,WELD_01,2.856,64.37,5.99,7.51,8.61,0
2025-04-19,LATHE_01,3.613,64.04,4.666,47.59,6.6,0
2025-04-19,PACK_01,3.394,68.57,5.308,0.0,8.55,0
2025-04-19,PRESS_01,3.004,56.52,5.723,53.2,7.96,0
2025-04-19,WELD_01,3.321,66.22,5.729,16.13,6.68,0
2025-04-20,LATHE_01,3.761,64.59,5.85,54.19,9.39,0
2025-04-20,PACK_01,3.567,61.41,5.856,8.55,7.41,0
2025-04-20,PRESS_01,1.723,59.25,4.91,61.16,9.37,0
2025-04-20,WELD_01,2.532,59.96,4.928,22.8,8.08,0
2025-04-21,LATHE_01,3.217,63.88,5.328,63.58,9.05,0
2025-04-21,PACK_01,3.794,72.82,5.851,15.97,9.87,0
2025-04-21,PRESS_01,2.719,61.11,5.444,70.54,6.23,0
2025-04-21,WELD_01,2.752,52.66,5.063,30.88,7.91,0
2025-04-22,LATHE_01,3.476,67.67,5.795,72.62,8.37,0
2025-04-22,PACK_01,2.502,58.55,5.589,25.83,9.77,0
2025-04-22,PRESS_01,3.118,64.32,5.635,76.77,7.93,0
2025-04-22,WELD_01,3.112,58.13,6.004,38.79,8.55,0
2025-04-23,LATHE_01,2.175,63.34,5.784,80.99,9.96,0
2025-04-23,PACK_01,3.222,67.15,4.992,35.6,6.1,0
2025-04-23,PRESS_01,3.716,61.7,5.393,84.7,8.35,0
2025-04-23,WELD_01,3.997,68.31,5.393,47.34,7.9,1
2025-04-24,LATHE_01,2.789,69.26,5.762,90.96,8.39,0
2025-04-24,PACK_01,2.766,68.04,5.33,41.7,8.18,0
2025-04-24,PRESS_01,2.24,58.89,5.475,93.05,9.67,0
2025-04-24,WELD_01,3.179,62.63,5.362,0.0,7.71,0
2025-04-25,LATHE_01,3.083,64.69,5.085,99.34,6.99,0
2025-04-25,PACK_01,3.584,68.18,5.097,49.89,6.41,1
2025-04-25,PRESS_01,2.456,65.15,5.759,102.72,6.1,0
2025-04-25,WELD_01,3.985,63.32,6.125,7.71,8.65,0
2025-04-26,LATHE_01,3.246,68.23,6.05,106.33,8.73,0
2025-04-26,PACK_01,3.367,65.9,5.67,0.0,8.83,0
2025-04-26,PRESS_01,3.047,62.66,4.993,108.82,6.03,0
2025-04-26,WELD_01,2.624,60.01,5.661,16.36,9.25,0
2025-04-27,LATHE_01,2.941,65.68,6.386,115.06,6.43,1
2025-04-27,PACK_01,2.643,68.05,5.565,8.83,9.4,0
2025-04-27,PRESS_01,2.395,62.66,4.991,114.85,8.48,0
2025-04-27,WELD_01,2.371,58.24,5.001,25.61,8.98,0
2025-04-28,LATHE_01,2.925,60.91,5.776,0.0,6.5,0
2025-04-28,PACK_01,2.618,68.38,5.37,18.23,6.1,0
2025-04-28,PRESS_01,2.686,63.27,4.657,123.33,9.85,0
2025-04-28,WELD_01,3.456,62.95,4.709,34.59,9.58,0
2025-04-29,LATHE_01,3.048,69.58,5.376,6.5,8.9,0
2025-04-29,PACK_01,3.99,61.93,5.382,24.33,9.53,0
2025-04-29,PRESS_01,2.318,64.5,6.199,133.18,7.76,0
2025-04-29,WELD_01,3.893,57.9,5.363,44.17,6.79,0
2025-04-30,LATHE_01,2.785,64.15,5.47,15.4,9.31,0
2025-04-30,PACK_01,3.399,70.64,5.328,33.86,6.63,0
2025-04-30,PRESS_01,2.906,67.64,5.072,140.94,7.15,0
2025-04-30,WELD_01,3.203,63.4,5.615,50.96,8.83,0
2025-05-01,LATHE_01,2.41,62.19,5.739,24.71,9.83,0
2025-05-01,PACK_01,3.232,63.9,5.214,40.49,8.36,0
2025-05-01,PRESS_01,2.057,57.52,5.352,148.09,7.96,0
2025-05-01,WELD_01,3.345,58.19,5.615,59.79,7.09,0
2025-05-02,LATHE_01,3.401,67.93,5.484,34.54,9.99,0
2025-05-02,PACK_01,3.17,63.68,4.829,48.85,6.15,0
2025-05-02,PRESS_01,2.909,55.79,5.68,156.05,9.17,1
2025-05-02,WELD_01,2.94,60.82,5.125,66.89,6.28,0
2025-05-03,LATHE_01,2.353,65.08,5.189,44.53,8.29,0
2025-05-03,PACK_01,2.301,62.32,5.36,55.01,7.92,0
2025-05-03,PRESS_01,2.518,59.77,5.689,0.0,9.29,0
2025-05-03,WELD_01,3.095,58.97,5.749,73.17,7.79,0
2025-05-04,LATHE_01,3.018,61.75,5.706,52.82,8.63,0
2025-05-04,PACK_01,2.999,69.57,5.241,62.93,8.34,0
2025-05-04,PRESS_01,2.041,63.88,5.138,9.29,8.7,0
2025-05-04,WELD_01,2.669,67.64,5.616,80.96,7.87,0
2025-05-05,LATHE_01,3.227,61.56,5.197,61.45,6.4,0
2025-05-05,PACK_01,3.733,63.58,5.14,71.27,8.59,0
2025-05-05,PRESS_01,3.001,59.18,5.051,17.99,9.2,0
2025-05-05,WELD_01,2.002,62.85,6.199,88.83,7.09,0
2025-05-06,LATHE_01,2.94,55.7,5.312,67.85,6.36,0
2025-05-06,PACK_01,3.027,66.94,5.296,79.86,9.42,0
2025-05-06,PRESS_01,2.524,67.08,5.346,27.2,6.02,0
2025-05-06,WELD_01,3.197,66.13,4.801,95.92,6.94,0
2025-05-07,LATHE_01,2.334,58.96,5.888,74.21,8.37,0
2025-05-07,PACK_01,3.223,63.46,5.553,89.28,9.66,0
2025-05-07,PRESS_01,2.521,63.65,5.313,33.21,9.58,0
2025-05-07,WELD_01,2.628,67.59,5.39,102.87,9.47,0
2025-05-08,LATHE_01,2.816,66.16,4.686,82.59,8.89,0
2025-05-08,PACK_01,3.673,68.42,6.581,98.94,9.69,0
2025-05-08,PRESS_01,2.332,53.56,6.064,42.8,9.41,0
2025-05-08,WELD_01,1.713,62.18,5.434,112.33,9.17,0
2025-05-09,LATHE_01,3.797,62.47,5.535,91.48,6.77,0
2025-05-09,PACK_01,3.567,61.47,5.345,108.63,9.78,0
2025-05-09,PRESS_01,1.928,60.91,5.4,52.21,9.55,0
2025-05-09,WELD_01,3.489,62.4,4.753,121.5,7.98,0
2025-05-10,LATHE_01,2.84,63.94,6.138,98.25,6.42,0
2025-05-10,PACK_01,3.172,65.48,5.881,118.41,9.9,1
2025-05-10,PRESS_01,3.061,63.84,4.977,61.76,9.23,0
2025-05-10,WELD_01,3.089,66.44,5.092,129.48,6.43,1
2025-05-11,LATHE_01,2.642,64.36,5.415,104.67,9.21,1
2025-05-11,PACK_01,2.949,68.97,5.771,0.0,6.44,0
2025-05-11,PRESS_01,2.877,60.82,5.45,70.98,8.3,0
2025-05-11,WELD_01,3.287,57.09,5.174,0.0,9.49,0
2025-05-12,LATHE_01,2.346,60.56,5.597,0.0,6.2,0
2025-05-12,PACK_01,3.324,67.73,5.819,6.44,8.09,0
2025-05-12,PRESS_01,2.228,55.94,5.558,79.28,9.66,0
2025-05-12,WELD_01,3.328,63.83,5.463,9.49,8.43,0
2025-05-13,LATHE_01,3.132,66.0,5.16,6.2,6.85,0
2025-05-13,PACK_01,3.279,62.64,5.409,14.53,7.01,0
2025-05-13,PRESS_01,2.722,67.84,5.114,88.95,6.81,1
2025-05-13,WELD_01,2.149,60.19,5.693,17.92,6.68,0
2025-05-14,LATHE_01,4.272,62.68,5.34,13.05,9.8,0
2025-05-14,PACK_01,2.401,63.61,5.52,21.54,8.04,0
2025-05-14,PRESS_01,2.409,62.62,5.924,0.0,7.68,0
2025-05-14,WELD_01,2.624,60.96,5.372,24.6,9.34,0
2025-05-15,LATHE_01,2.859,62.59,5.689,22.85,9.75,0
2025-05-15,PACK_01,3.47,61.22,4.93,29.59,9.15,0
2025-05-15,PRESS_01,2.792,58.84,5.38,7.68,9.59,0
2025-05-15,WELD_01,2.622,65.7,5.783,33.93,7.06,0
2025-05-16,LATHE_01,3.14,67.49,5.288,32.6,6.48,0
2025-05-16,PACK_01,4.009,67.74,4.986,38.73,8.64,0
2025-05-16,PRESS_01,2.073,63.69,5.317,17.27,8.97,0
2025-05-16,WELD_01,3.013,60.14,5.099,40.99,6.94,0
2025-05-17,LATHE_01,2.533,59.4,5.446,39.08,6.91,0
2025-05-17,PACK_01,3.33,66.89,5.179,47.37,9.51,0
2025-05-17,PRESS_01,2.923,59.5,5.039,26.24,7.29,0
2025-05-17,WELD_01,2.426,63.57,5.755,47.93,7.73,0
2025-05-18,LATHE_01,2.752,62.46,5.963,45.99,7.47,0
2025-05-18,PACK_01,3.622,62.18,5.379,56.88,9.94,0
2025-05-18,PRESS_01,3.872,63.47,5.636,33.53,9.14,0
2025-05-18,WELD_01,2.851,64.2,5.495,55.66,9.34,0
2025-05-19,LATHE_01,2.893,62.48,5.615,53.46,9.61,0
2025-05-19,PACK_01,3.817,63.16,5.143,66.82,7.29,1
2025-05-19,PRESS_01,3.081,66.38,5.318,42.66,9.26,0
2025-05-19,WELD_01,2.963,66.6,4.725,65.0,6.15,0
2025-05-20,LATHE_01,3.116,56.89,5.574,63.07,8.76,1
2025-05-20,PACK_01,2.233,65.75,5.175,0.0,6.16,0
2025-05-20,PRESS_01,2.604,60.32,5.777,51.92,6.41,0
2025-05-20,WELD_01,2.881,64.93,5.254,71.16,7.58,0
2025-05-21,LATHE_01,3.917,60.92,5.576,0.0,7.51,1
2025-05-21,PACK_01,3.264,64.01,5.606,6.16,9.03,0
2025-05-21,PRESS_01,2.609,63.1,5.414,58.33,6.14,0
2025-05-21,WELD_01,1.895,66.3,5.155,78.74,7.64,0
2025-05-22,LATHE_01,3.049,64.37,5.797,0.0,7.36,0
2025-05-22,PACK_01,2.559,59.83,5.296,15.19,6.0,0
2025-05-22,PRESS_01,2.428,59.26,4.688,64.47,6.26,0
2025-05-22,WELD_01,2.316,62.39,5.245,86.38,9.93,0
2025-05-23,LATHE_01,3.203,63.99,5.785,7.36,6.69,0
2025-05-23,PACK_01,3.531,64.02,5.162,21.19,9.61,1
2025-05-23,PRESS_01,2.71,65.9,5.414,70.74,6.45,0
2025-05-23,WELD_01,3.094,63.84,6.052,96.31,8.92,0
2025-05-24,LATHE_01,2.757,67.82,6.274,14.05,8.57,0
2025-05-24,PACK_01,3.396,71.57,5.266,0.0,6.03,0
2025-05-24,PRESS_01,3.272,58.58,5.181,77.18,7.21,0
2025-05-24,WELD_01,3.46,67.43,5.002,105.23,6.74,0
2025-05-25,LATHE_01,2.853,68.31,5.694,22.63,7.05,0
2025-05-25,PACK_01,3.239,63.25,4.958,6.03,7.21,0
2025-05-25,PRESS_01,3.091,61.95,5.746,84.39,9.45,1
2025-05-25,WELD_01,3.179,63.68,5.424,111.97,9.21,0
2025-05-26,LATHE_01,3.318,68.26,5.822,29.68,8.99,0
2025-05-26,PACK_01,2.473,62.22,5.134,13.23,8.21,0
2025-05-26,PRESS_01,2.705,57.74,4.953,0.0,7.73,0
2025-05-26,WELD_01,2.836,62.85,5.528,121.18,9.78,0
2025-05-27,LATHE_01,3.507,62.93,5.289,38.66,6.4,0
2025-05-27,PACK_01,2.843,64.09,4.85,21.44,9.64,0
2025-05-27,PRESS_01,2.34,61.66,5.895,7.73,6.97,0
2025-05-27,WELD_01,4.261,56.78,5.613,130.96,6.14,1
2025-05-28,LATHE_01,3.462,64.43,5.295,45.06,9.0,0
2025-05-28,PACK_01,3.621,62.5,5.868,31.08,9.35,0
2025-05-28,PRESS_01,2.385,67.11,5.599,14.7,9.72,0
2025-05-28,WELD_01,2.971,65.67,5.911,0.0,9.67,0
2025-05-29,LATHE_01,3.35,58.01,5.425,54.07,9.44,0
2025-05-29,PACK_01,3.569,70.85,5.673,40.43,7.99,0
2025-05-29,PRESS_01,2.296,63.57,5.52,24.42,6.19,0
2025-05-29,WELD_01,1.895,68.57,5.631,9.67,9.47,0
2025-05-30,LATHE_01,3.345,63.25,4.87,63.5,6.31,0
2025-05-30,PACK_01,3.232,57.32,4.792,48.42,6.52,0
2025-05-30,PRESS_01,2.925,62.55,5.772,30.61,6.13,0
2025-05-30,WELD_01,2.576,63.51,5.494,19.14,9.12,0
2025-05-31,LATHE_01,3.068,62.7,5.879,69.81,6.66,0
2025-05-31,PACK_01,2.752,65.23,5.54,54.94,9.42,0
2025-05-31,PRESS_01,1.789,65.51,5.916,36.73,8.36,0
2025-05-31,WELD_01,2.156,66.41,5.503,28.26,8.11,0
2025-06-01,LATHE_01,3.344,64.86,5.551,76.47,8.61,1
2025-06-01,PACK_01,3.803,65.03,5.46,64.36,8.87,0
2025-06-01,PRESS_01,2.845,65.26,6.129,45.09,6.65,0
2025-06-01,WELD_01,3.176,54.55,5.727,36.37,6.95,0
2025-06-02,LATHE_01,2.709,60.97,4.932,0.0,7.63,0
2025-06-02,PACK_01,4.517,66.31,5.633,73.23,7.11,0
2025-06-02,PRESS_01,2.398,62.04,5.395,51.74,7.82,0
2025-06-02,WELD_01,2.896,67.09,5.437,43.33,9.15,0
2025-06-03,LATHE_01,3.316,65.43,5.388,7.63,7.83,0
2025-06-03,PACK_01,3.607,59.38,5.991,80.34,9.68,0
2025-06-03,PRESS_01,3.603,65.98,5.178,59.56,7.27,0
2025-06-03,WELD_01,3.523,64.88,5.365,52.47,8.09,0
2025-06-04,LATHE_01,2.881,62.91,6.207,15.45,6.93,0
2025-06-04,PACK_01,2.674,66.84,5.272,90.02,9.06,0
2025-06-04,PRESS_01,2.999,66.37,5.722,66.83,7.27,1
2025-06-04,WELD_01,3.125,56.84,5.763,60.57,9.67,0
2025-06-05,LATHE_01,2.344,63.62,5.348,22.38,7.97,0
2025-06-05,PACK_01,4.116,71.94,5.516,99.08,8.02,1
2025-06-05,PRESS_01,2.953,55.76,5.529,0.0,6.66,0
2025-06-05,WELD_01,2.455,62.64,6.129,70.24,9.95,0
2025-06-06,LATHE_01,2.929,56.65,5.794,30.36,9.44,0
2025-06-06,PACK_01,3.748,63.85,5.353,0.0,7.94,0
2025-06-06,PRESS_01,3.557,68.05,5.976,6.66,9.56,0
2025-06-06,WELD_01,3.051,63.01,5.599,80.18,9.15,0
2025-06-07,LATHE_01,3.262,64.16,5.965,39.8,6.91,0
2025-06-07,PACK_01,3.233,59.47,5.746,7.94,8.82,0
2025-06-07,PRESS_01,2.805,62.71,5.117,16.22,6.69,0
2025-06-07,WELD_01,2.231,63.47,5.658,89.33,9.08,0
2025-06-08,LATHE_01,2.676,64.7,5.654,46.71,7.37,0
2025-06-08,PACK_01,3.908,62.04,5.583,16.76,7.21,0
2025-06-08,PRESS_01,2.214,61.82,5.472,22.91,9.97,0
2025-06-08,WELD_01,3.395,64.28,5.246,98.42,6.1,0
2025-06-09,LATHE_01,4.123,66.24,6.016,54.08,9.55,0
2025-06-09,PACK_01,3.597,65.36,5.006,23.97,7.32,0
2025-06-09,PRESS_01,2.805,62.87,5.515,32.89,8.14,0
2025-06-09,WELD_01,2.489,61.12,5.93,104.51,6.22,0
2025-06-10,LATHE_01,3.272,61.14,5.163,63.63,6.84,0
2025-06-10,PACK_01,3.471,72.22,5.977,31.29,9.41,0
2025-06-10,PRESS_01,2.732,59.39,5.062,41.03,7.18,0
2025-06-10,WELD_01,2.708,63.87,5.451,110.73,9.78,1
2025-06-11,LATHE_01,2.654,67.39,5.47,70.47,8.3,0
2025-06-11,PACK_01,3.671,59.59,5.394,40.7,7.17,0
2025-06-11,PRESS_01,1.996,61.57,5.848,48.21,6.93,0
2025-06-11,WELD_01,2.242,58.16,5.314,0.0,6.86,0
2025-06-12,LATHE_01,3.547,64.29,5.994,78.77,9.19,0
2025-06-12,PACK_01,2.661,67.14,4.752,47.87,8.06,0
2025-06-12,PRESS_01,2.818,59.04,5.121,55.14,7.58,0
2025-06-12,WELD_01,2.74,71.31,4.892,6.86,6.11,0
2025-06-13,LATHE_01,2.725,71.56,5.664,87.97,9.26,0
2025-06-13,PACK_01,3.258,63.25,5.811,55.93,9.89,0
2025-06-13,PRESS_01,3.379,65.85,5.454,62.72,9.93,0
2025-06-13,WELD_01,2.728,63.49,4.686,12.97,8.13,0
2025-06-14,LATHE_01,2.73,68.33,5.6,97.22,8.26,1
2025-06-14,PACK_01,3.643,68.78,5.757,65.82,7.23,0
2025-06-14,PRESS_01,2.898,61.29,5.298,72.65,8.08,0
2025-06-14,WELD_01,2.746,63.91,5.859,21.1,9.55,0
2025-06-15,LATHE_01,2.855,68.94,5.469,0.0,7.58,0
2025-06-15,PACK_01,3.143,60.76,5.166,73.05,7.29,0
2025-06-15,PRESS_01,2.517,63.09,5.359,80.73,8.73,0
2025-06-15,WELD_01,1.926,65.24,5.46,30.65,9.89,0
2025-06-16,LATHE_01,2.696,60.53,5.431,7.58,6.28,0
2025-06-16,PACK_01,3.898,64.85,5.851,80.34,6.29,0
2025-06-16,PRESS_01,2.287,60.32,6.003,89.46,9.44,0
2025-06-16,WELD_01,2.687,61.15,5.712,40.54,6.85,0
2025-06-17,LATHE_01,2.349,66.88,5.289,13.86,7.59,0
2025-06-17,PACK_01,3.518,64.15,5.963,86.63,9.66,0
2025-06-17,PRESS_01,2.277,54.59,4.848,98.9,9.51,0
2025-06-17,WELD_01,2.321,60.68,6.173,47.39,6.3,0
2025-06-18,LATHE_01,2.794,63.97,5.826,21.45,9.27,0
2025-06-18,PACK_01,3.323,70.77,5.437,96.29,7.17,0
2025-06-18,PRESS_01,2.747,66.25,4.565,108.41,9.13,0
2025-06-18,WELD_01,2.527,61.15,5.526,53.68,8.52,0
2025-06-19,LATHE_01,2.792,61.61,6.038,30.72,6.61,0
2025-06-19,PACK_01,2.784,66.79,5.012,103.46,6.18,0
2025-06-19,PRESS_01,2.292,60.67,5.236,117.55,9.19,1
2025-06-19,WELD_01,2.936,62.25,4.995,62.21,7.79,0
2025-06-20,LATHE_01,3.03,68.74,6.013,37.34,8.69,0
2025-06-20,PACK_01,3.411,63.93,5.656,109.64,6.52,0
2025-06-20,PRESS_01,3.442,68.43,5.382,0.0,9.92,0
2025-06-20,WELD_01,2.334,62.34,5.213,70.0,7.04,0
2025-06-21,LATHE_01,3.141,60.55,5.481,46.02,9.5,0
2025-06-21,PACK_01,3.546,62.45,5.514,116.16,6.57,1
2025-06-21,PRESS_01,3.589,61.67,5.546,9.92,7.28,0
2025-06-21,WELD_01,3.615,64.77,5.041,77.04,8.74,0
2025-06-22,LATHE_01,3.643,62.85,5.425,55.53,9.48,0
2025-06-22,PACK_01,2.836,70.49,5.635,0.0,7.31,0
2025-06-22,PRESS_01,3.183,59.52,5.839,17.19,9.74,0
2025-06-22,WELD_01,2.69,64.1,5.328,85.78,6.87,0
2025-06-23,LATHE_01,3.365,63.69,5.161,65.01,8.84,0
2025-06-23,PACK_01,3.2,70.46,5.435,7.31,7.46,0
2025-06-23,PRESS_01,3.209,62.11,5.598,26.93,6.52,0
2025-06-23,WELD_01,2.671,60.7,5.302,92.65,7.16,0
2025-06-24,LATHE_01,3.03,69.74,5.32,73.85,8.57,0
2025-06-24,PACK_01,3.462,60.32,5.828,14.77,7.11,0
2025-06-24,PRESS_01,2.991,55.22,5.733,33.46,6.97,0
2025-06-24,WELD_01,3.719,70.94,5.139,99.81,6.54,0
2025-06-25,LATHE_01,2.624,57.36,5.95,82.42,6.91,0
2025-06-25,PACK_01,2.884,65.62,5.623,21.88,9.54,0
2025-06-25,PRESS_01,2.774,62.29,5.257,40.43,6.81,0
2025-06-25,WELD_01,2.6,60.79,5.13,106.35,7.79,0
2025-06-26,LATHE_01,2.836,64.94,5.167,89.32,8.05,0
2025-06-26,PACK_01,3.13,62.73,6.062,31.42,9.86,0
2025-06-26,PRESS_01,2.617,59.95,5.484,47.24,6.18,0
2025-06-26,WELD_01,2.402,65.95,5.179,114.14,8.97,0
2025-06-27,LATHE_01,2.646,61.55,5.378,97.37,8.96,0
2025-06-27,PACK_01,3.506,62.4,5.085,41.28,9.29,0
2025-06-27,PRESS_01,3.126,62.22,4.838,53.42,6.44,0
2025-06-27,WELD_01,2.81,61.42,5.525,123.11,7.89,0
2025-06-28,LATHE_01,3.153,62.6,5.405,106.34,6.01,0
2025-06-28,PACK_01,3.667,64.12,5.426,50.57,6.12,0
2025-06-28,PRESS_01,2.701,61.64,5.49,59.87,9.61,0
2025-06-28,WELD_01,3.454,64.04,5.029,131.0,8.11,0
2025-06-29,LATHE_01,3.411,69.03,5.337,112.35,7.84,1
2025-06-29,PACK_01,2.878,67.51,5.54,56.69,7.4,0
2025-06-29,PRESS_01,2.3,57.9,5.117,69.47,6.55,0
2025-06-29,WELD_01,3.608,65.83,5.533,139.11,7.93,0
