order_id,week_start,product,order_qty
1,2025-01-06,Bracket,2444
2,2025-01-06,Housing,1121
3,2025-01-13,Bracket,2476
4,2025-01-13,Housing,1122
5,2025-01-20,Bracket,2452
6,2025-01-20,Housing,1118
7,2025-01-27,Bracket,2440
8,2025-01-27,Housing,1126
9,2025-02-03,Bracket,2445
10,2025-02-03,Housing,1108
11,2025-02-10,Bracket,2459
12,2025-02-10,Housing,1111
13,2025-02-17,Bracket,2444
14,2025-02-17,Housing,1131
15,2025-02-24,Bracket,2466
16,2025-02-24,Housing,1118
17,2025-03-03,Bracket,2469
18,2025-03-03,Housing,1121
19,2025-03-10,Bracket,2476
20,2025-03-10,Housing,1122
21,2025-03-17,Bracket,2457
22,2025-03-17,Housing,1117
23,2025-03-24,Bracket,2459
24,2025-03-24,Housing,1126
25,2025-03-31,Bracket,2127
26,2025-03-31,Housing,971
